{
  "title": "Untitled Project (fork)",
  "description": "",
  "head": "<meta charset=\"UTF-8\" />\n<meta name=\"viewport\" content=\"width=device-width, initial-scale=1.0\" />",
  "htmlAttrs": "lang=\"en\" class=\"\"",
  "tags": [],
  "autoupdate": true,
  "autosave": false,
  "autotest": false,
  "delay": 1500,
  "formatOnsave": false,
  "view": "split",
  "mode": "full",
  "theme": "dark",
  "layout": "responsive",
  "recoverUnsaved": true,
  "showSpacing": false,
  "welcome": true,
  "readonly": false,
  "allowLangChange": true,
  "activeEditor": "script",
  "markup": {
    "language": "html",
    "content": ""
  },
  "style": {
    "language": "css",
    "content": ""
  },
  "script": {
    "language": "react-native",
    "content": "import React from 'react';\n\nfunction App() {\n  // Стили для контейнера с деревянным фоном\n  const appStyle = {\n    backgroundColor: '#A0522D', // Коричневый цвет (дерево)\n    width: '100vw',\n    height: '100vh',\n    margin: 0,\n    padding: 0,\n    display: 'flex',\n    justifyContent: 'center',\n    alignItems: 'center',\n  };\n\n  // Стили для формы окна\n  const windowStyle = {\n    width: '400px',\n    height: '300px',\n    backgroundColor: '#F5F5DC', // Светлый бежевый (стекло)\n    borderRadius: '10px', // Закругленные углы\n    boxShadow: '0 0 15px rgba(0, 0, 0, 0.5)', // Тень для объема\n    border: '8px solid #8B4513', // Рамка коричневого цвета\n    display: 'flex',\n    justifyContent: 'center',\n    alignItems: 'center',\n    position: 'relative',\n  };\n\n  // Стили для перекладины окна\n  const dividerStyle = {\n    width: '80%',\n    height: '4px',\n    backgroundColor: '#8B4513',\n    position: 'absolute',\n  };\n\n  return (\n    <div style={appStyle}>\n      <div style={windowStyle}>\n        <div style={{...dividerStyle, top: '40%'}}></div>\n        <div style={{...dividerStyle, top: '60%'}}></div>\n      </div>\n    </div>\n  );\n}\n\nexport default App;"
  },
  "stylesheets": [],
  "scripts": [],
  "cssPreset": "",
  "imports": {},
  "types": {},
  "tests": {
    "language": "typescript",
    "content": ""
  },
  "tools": {
    "enabled": "all",
    "active": "",
    "status": ""
  },
  "zoom": 1,
  "processors": [],
  "customSettings": {},
  "useTabs": false,
  "tabSize": 2,
  "lineNumbers": true,
  "wordWrap": false,
  "closeBrackets": true,
  "foldRegions": false,
  "semicolons": true,
  "singleQuote": false,
  "trailingComma": true,
  "emmet": true,
  "enableAI": false,
  "version": "46"
}